{"stats":{"minecraft:picked_up":{"minecraft:feather":2,"minecraft:crafting_table":1,"minecraft:chicken":2,"minecraft:porkchop":1,"minecraft:white_tulip":1,"minecraft:oak_log":6,"minecraft:dirt":14,"minecraft:cobblestone":9},"minecraft:crafted":{"minecraft:stone_sword":1,"minecraft:wooden_sword":1,"minecraft:oak_planks":24,"minecraft:stone_axe":1,"minecraft:crafting_table":1,"minecraft:stick":12,"minecraft:stone_pickaxe":1,"minecraft:wooden_pickaxe":1,"minecraft:wooden_axe":1},"minecraft:mined":{"minecraft:grass_block":3,"minecraft:oak_log":6,"minecraft:dirt":11,"minecraft:stone":9,"minecraft:white_tulip":1,"minecraft:crafting_table":1},"minecraft:killed":{"minecraft:pig":1,"minecraft:chicken":2},"minecraft:used":{"minecraft:wooden_axe":1,"minecraft:wooden_sword":4,"minecraft:crafting_table":2,"minecraft:wooden_pickaxe":24},"minecraft:custom":{"minecraft:time_since_rest":4133,"minecraft:play_time":4133,"minecraft:crouch_one_cm":367,"minecraft:sprint_one_cm":1855,"minecraft:walk_one_cm":9053,"minecraft:sneak_time":439,"minecraft:mob_kills":3,"minecraft:jump":41,"minecraft:damage_dealt":180,"minecraft:time_since_death":4133,"minecraft:total_world_time":4133,"minecraft:interact_with_crafting_table":2,"minecraft:fall_one_cm":1312,"minecraft:fly_one_cm":3359}},"DataVersion":3120}